Name,Label,Domain,Range,URI,Count
abbreviation,abbreviation,owl:Thing,xsd:string,http://dbpedia.org/ontology/abbreviation,17180
abstract,has abstract,owl:Thing,rdf:langString,http://dbpedia.org/ontology/abstract,6080186
activeYearsEndDate,active years end date,owl:Thing,xsd:date,http://dbpedia.org/ontology/activeYearsEndDate,9468
activeYearsEndYear,active years end year,owl:Thing,xsd:gYear,http://dbpedia.org/ontology/activeYearsEndYear,236344
activeYearsStartDate,active years start date,owl:Thing,xsd:date,http://dbpedia.org/ontology/activeYearsStartDate,9946
activeYearsStartYear,active years start year,owl:Thing,xsd:gYear,http://dbpedia.org/ontology/activeYearsStartYear,370444
address,address,Place,rdf:langString,http://dbpedia.org/ontology/address,73073
affiliation,affiliation,owl:Thing,Organisation,http://dbpedia.org/ontology/affiliation,22084
ageRange,age range,owl:Thing,xsd:nonNegativeInteger,http://dbpedia.org/ontology/ageRange,853
album,album,owl:Thing,Album,http://dbpedia.org/ontology/album,53629
alias,alias,owl:Thing,rdf:langString,http://dbpedia.org/ontology/alias,56728
alongside,alongside,owl:Thing,Person,http://dbpedia.org/ontology/alongside,4465
alternativeName,alternative name,owl:Thing,rdf:langString,http://dbpedia.org/ontology/alternativeName,23180
anthem,anthem,owl:Thing,Work,http://dbpedia.org/ontology/anthem,823
appointer,appointer,owl:Thing,Person,http://dbpedia.org/ontology/appointer,9040
area,area,owl:Thing,Area,http://dbpedia.org/ontology/area,78328
areaCode,area code,Place,xsd:string,http://dbpedia.org/ontology/areaCode,136615
areaLand,area land,Place,Area,http://dbpedia.org/ontology/areaLand,54036
areaMetro,area metro,owl:Thing,Area,http://dbpedia.org/ontology/areaMetro,871
areaTotal,area total,Place,Area,http://dbpedia.org/ontology/areaTotal,183958
areaWater,area water,Place,Area,http://dbpedia.org/ontology/areaWater,48948
associate,associate,owl:Thing,Person,http://dbpedia.org/ontology/associate,251
associatedBand,associated band,owl:Thing,Band,http://dbpedia.org/ontology/associatedBand,44999
associatedMusicalArtist,associated musical artist,owl:Thing,MusicalArtist,http://dbpedia.org/ontology/associatedMusicalArtist,45007
atcCode,ATC code,owl:Thing,xsd:string,http://dbpedia.org/ontology/atcCode,148
authority,authority,owl:Thing,owl:Thing,http://dbpedia.org/ontology/authority,465
averageDepth,average depth,Place,Length,http://dbpedia.org/ontology/averageDepth,3252
averageSpeed,average speed,owl:Thing,Speed,http://dbpedia.org/ontology/averageSpeed,436
award,award,owl:Thing,Award,http://dbpedia.org/ontology/award,71454
background,background,owl:Thing,xsd:string,http://dbpedia.org/ontology/background,36256
battery,battery,owl:Thing,Battery,http://dbpedia.org/ontology/battery,240
battle,battle,owl:Thing,MilitaryConflict,http://dbpedia.org/ontology/battle,47133
bibsysId,BIBSYS Id,owl:Thing,xsd:string,http://dbpedia.org/ontology/bibsysId,10
bnfId,BNF Id,owl:Thing,xsd:string,http://dbpedia.org/ontology/bnfId,164
border,border,owl:Thing,Area,http://dbpedia.org/ontology/border,108
budget,budget,owl:Thing,Currency,http://dbpedia.org/ontology/budget,25802
builder,builder,owl:Thing,owl:Thing,http://dbpedia.org/ontology/builder,30769
buildingEndDate,building end date,owl:Thing,xsd:string,http://dbpedia.org/ontology/buildingEndDate,20812
buildingStartDate,building start date,owl:Thing,xsd:string,http://dbpedia.org/ontology/buildingStartDate,15701
callSign,call sign,owl:Thing,xsd:string,http://dbpedia.org/ontology/callSign,84
capacity,capacity,owl:Thing,xsd:nonNegativeInteger,http://dbpedia.org/ontology/capacity,18429
casNumber,CAS number,owl:Thing,xsd:string,http://dbpedia.org/ontology/casNumber,7645
category,category,owl:Thing,owl:Thing,http://dbpedia.org/ontology/category,4782
chain,chain,owl:Thing,Company,http://dbpedia.org/ontology/chain,255
chairman,chairman,owl:Thing,Person,http://dbpedia.org/ontology/chairman,8725
chancellor,chancellor,owl:Thing,Person,http://dbpedia.org/ontology/chancellor,2291
channel,channel,owl:Thing,Broadcaster,http://dbpedia.org/ontology/channel,14597
city,city,owl:Thing,City,http://dbpedia.org/ontology/city,97447
class,class,owl:Thing,owl:Thing,http://dbpedia.org/ontology/class,173511
classification,classification,owl:Thing,xsd:string,http://dbpedia.org/ontology/classification,5577
closingDate,closing date,owl:Thing,xsd:date,http://dbpedia.org/ontology/closingDate,3788
closingYear,closing year,owl:Thing,xsd:gYear,http://dbpedia.org/ontology/closingYear,8207
coach,coach,owl:Thing,Person,http://dbpedia.org/ontology/coach,8903
code,code,owl:Thing,xsd:string,http://dbpedia.org/ontology/code,1150
colour,colour,owl:Thing,Colour,http://dbpedia.org/ontology/colour,11072
colourHexCode,colour hex code,owl:Thing,xsd:string,http://dbpedia.org/ontology/colourHexCode,824
colourName,colour name,owl:Thing,rdf:langString,http://dbpedia.org/ontology/colourName,8965
commander,commander,owl:Thing,Person,http://dbpedia.org/ontology/commander,16618
committee,committee,owl:Thing,xsd:string,http://dbpedia.org/ontology/committee,660
commonName,common name,owl:Thing,rdf:langString,http://dbpedia.org/ontology/commonName,165
company,company,owl:Thing,Organisation,http://dbpedia.org/ontology/company,21710
connotation,connotation,owl:Thing,owl:Thing,http://dbpedia.org/ontology/connotation,17
constituencyDistrict,constituency district,owl:Thing,PopulatedPlace,http://dbpedia.org/ontology/constituencyDistrict,46420
cosparId,COSPAR id,owl:Thing,xsd:string,http://dbpedia.org/ontology/cosparId,2582
cost,cost,owl:Thing,Currency,http://dbpedia.org/ontology/cost,6791
country,country,owl:Thing,Country,http://dbpedia.org/ontology/country,748190
countryCode,country code,Place,xsd:string,http://dbpedia.org/ontology/countryCode,303
county,county,owl:Thing,PopulatedPlace,http://dbpedia.org/ontology/county,9109
cpu,CPU,owl:Thing,owl:Thing,http://dbpedia.org/ontology/cpu,980
creator,creator (agent),owl:Thing,Agent,http://dbpedia.org/ontology/creator,21855
cuisine,cuisine,owl:Thing,xsd:string,http://dbpedia.org/ontology/cuisine,1662
currency,currency,owl:Thing,Currency,http://dbpedia.org/ontology/currency,1534
currencyCode,currency code,Place,xsd:string,http://dbpedia.org/ontology/currencyCode,259
currentStatus,current status,owl:Thing,xsd:string,http://dbpedia.org/ontology/currentStatus,222
date,date,owl:Thing,xsd:date,http://dbpedia.org/ontology/date,22533
dateOfAbandonment,date of abandonment,owl:Thing,xsd:date,http://dbpedia.org/ontology/dateOfAbandonment,273
deliveryDate,delivery date,owl:Thing,xsd:date,http://dbpedia.org/ontology/deliveryDate,39
demonym,demonym,owl:Thing,rdf:langString,http://dbpedia.org/ontology/demonym,6994
density,density,owl:Thing,Density,http://dbpedia.org/ontology/density,125
depictionDescription,depiction description (caption),owl:Thing,rdf:langString,http://dbpedia.org/ontology/depictionDescription,3385
depth,depth,Place,Length,http://dbpedia.org/ontology/depth,1399
deputy,deputy,owl:Thing,Person,http://dbpedia.org/ontology/deputy,3631
description,description,owl:Thing,rdf:langString,http://dbpedia.org/ontology/description,12947
designCompany,designer company,owl:Thing,Company,http://dbpedia.org/ontology/designCompany,1775
designer,designer,owl:Thing,Person,http://dbpedia.org/ontology/designer,10380
destructionDate,destruction date,owl:Thing,xsd:date,http://dbpedia.org/ontology/destructionDate,69
developer,developer,owl:Thing,Agent,http://dbpedia.org/ontology/developer,27978
diameter,diameter,owl:Thing,Length,http://dbpedia.org/ontology/diameter,2731
diocese,diocese,owl:Thing,Diocese,http://dbpedia.org/ontology/diocese,10436
discoverer,discoverer,owl:Thing,Person,http://dbpedia.org/ontology/discoverer,3828
disease,disease,owl:Thing,Disease,http://dbpedia.org/ontology/disease,28
distance,distance,owl:Thing,Length,http://dbpedia.org/ontology/distance,1578
distributor,distributor,owl:Thing,Organisation,http://dbpedia.org/ontology/distributor,80302
district,district,Place,PopulatedPlace,http://dbpedia.org/ontology/district,33959
division,division,owl:Thing,owl:Thing,http://dbpedia.org/ontology/division,17847
draft,draft,owl:Thing,xsd:string,http://dbpedia.org/ontology/draft,10798
draftYear,draft year,owl:Thing,xsd:gYear,http://dbpedia.org/ontology/draftYear,32637
drugbank,DrugBank,owl:Thing,xsd:string,http://dbpedia.org/ontology/drugbank,2431
duration,duration,owl:Thing,Time,http://dbpedia.org/ontology/duration,98
editor,editor,owl:Thing,Agent,http://dbpedia.org/ontology/editor,6088
electionMajority,election majority,owl:Thing,xsd:nonNegativeInteger,http://dbpedia.org/ontology/electionMajority,54
elevation,elevation,Place,Length,http://dbpedia.org/ontology/elevation,225985
engineer,engineer,owl:Thing,Person,http://dbpedia.org/ontology/engineer,102
era,era,owl:Thing,owl:Thing,http://dbpedia.org/ontology/era,1867
ethnicGroupsInYear,ethnic groups in year,owl:Thing,xsd:gYear,http://dbpedia.org/ontology/ethnicGroupsInYear,3
event,event,owl:Thing,Event,http://dbpedia.org/ontology/event,2027
executiveProducer,executive producer,owl:Thing,Person,http://dbpedia.org/ontology/executiveProducer,11057
failedLaunches,failed launches,owl:Thing,xsd:nonNegativeInteger,http://dbpedia.org/ontology/failedLaunches,222
fdaUniiCode,FDA UNII code,owl:Thing,xsd:string,http://dbpedia.org/ontology/fdaUniiCode,6406
feastDay,"feast day, holiday",owl:Thing,xsd:date,http://dbpedia.org/ontology/feastDay,51
firstLeader,firstLeader,owl:Thing,Person,http://dbpedia.org/ontology/firstLeader,5041
firstPopularVote,firstPopularVote,owl:Thing,Person,http://dbpedia.org/ontology/firstPopularVote,45
floodingDate,flooding date,owl:Thing,xsd:date,http://dbpedia.org/ontology/floodingDate,27
focus,focus,owl:Thing,owl:Thing,http://dbpedia.org/ontology/focus,10
format,format (object),owl:Thing,owl:Thing,http://dbpedia.org/ontology/format,23883
formerName,former name,owl:Thing,rdf:langString,http://dbpedia.org/ontology/formerName,19554
foundedBy,founded by,owl:Thing,Agent,http://dbpedia.org/ontology/foundedBy,17333
founder,founder,owl:Thing,Person,http://dbpedia.org/ontology/founder,2167
foundingDate,founding date,owl:Thing,xsd:date,http://dbpedia.org/ontology/foundingDate,38091
foundingYear,founding year,owl:Thing,xsd:gYear,http://dbpedia.org/ontology/foundingYear,107281
frequency,frequency,owl:Thing,Frequency,http://dbpedia.org/ontology/frequency,15600
fuelType,fuel type,owl:Thing,owl:Thing,http://dbpedia.org/ontology/fuelType,1335
gender,gender,owl:Thing,owl:Thing,http://dbpedia.org/ontology/gender,640
genre,genre,owl:Thing,Genre,http://dbpedia.org/ontology/genre,220423
governingBody,governing body,Place,Organisation,http://dbpedia.org/ontology/governingBody,7441
governmentType,government type,owl:Thing,GovernmentType,http://dbpedia.org/ontology/governmentType,17870
governor,governor,owl:Thing,Person,http://dbpedia.org/ontology/governor,7560
governorGeneral,governor general,owl:Thing,Person,http://dbpedia.org/ontology/governorGeneral,628
greekName,name in ancient Greek,owl:Thing,xsd:string,http://dbpedia.org/ontology/greekName,24
gridReference,grid reference,Place,xsd:string,http://dbpedia.org/ontology/gridReference,20735
hasVariant,variant or variation,owl:Thing,owl:Thing,http://dbpedia.org/ontology/hasVariant,503
height,height,owl:Thing,Length,http://dbpedia.org/ontology/height,281108
highestPlace,highest place,owl:Thing,PopulatedPlace,http://dbpedia.org/ontology/highestPlace,33
highschool,highschool,owl:Thing,School,http://dbpedia.org/ontology/highschool,20552
homeStadium,home stadium,owl:Thing,Stadium,http://dbpedia.org/ontology/homeStadium,11749
honours,honours,owl:Thing,owl:Thing,http://dbpedia.org/ontology/honours,2345
imageSize,image size (px),owl:Thing,xsd:integer,http://dbpedia.org/ontology/imageSize,1666
imdbId,IMDB id,owl:Thing,xsd:string,http://dbpedia.org/ontology/imdbId,74092
incumbent,incumbent,owl:Thing,Person,http://dbpedia.org/ontology/incumbent,58
individualisedGnd,individualised GND number,owl:Thing,xsd:string,http://dbpedia.org/ontology/individualisedGnd,326
influenced,influenced,owl:Thing,owl:Thing,http://dbpedia.org/ontology/influenced,2313
influencedBy,influenced by,owl:Thing,owl:Thing,http://dbpedia.org/ontology/influencedBy,4570
institution,institution,owl:Thing,Organisation,http://dbpedia.org/ontology/institution,19797
intercommunality,intercommunality,owl:Thing,PopulatedPlace,http://dbpedia.org/ontology/intercommunality,12008
introduced,introduced,owl:Thing,xsd:date,http://dbpedia.org/ontology/introduced,88
isPartOf,is part of,owl:Thing,owl:Thing,http://dbpedia.org/ontology/isPartOf,5056
isPartOfName,is part of (literal),owl:Thing,xsd:string,http://dbpedia.org/ontology/isPartOfName,921
isniId,ISNI Id,owl:Thing,xsd:string,http://dbpedia.org/ontology/isniId,293
iso31661Code,ISO 3166-1 code,Place,xsd:string,http://dbpedia.org/ontology/iso31661Code,88
jurisdiction,jurisdiction,owl:Thing,owl:Thing,http://dbpedia.org/ontology/jurisdiction,8333
keyPerson,key person,owl:Thing,Person,http://dbpedia.org/ontology/keyPerson,20865
knownFor,known for,owl:Thing,owl:Thing,http://dbpedia.org/ontology/knownFor,44078
lake,vastest lake,Place,BodyOfWater,http://dbpedia.org/ontology/lake,2829
language,language,owl:Thing,Language,http://dbpedia.org/ontology/language,97311
languageRegulator,language regulator or academy,owl:Thing,Language,http://dbpedia.org/ontology/languageRegulator,235
latinName,name in latin,owl:Thing,xsd:string,http://dbpedia.org/ontology/latinName,1337
lccnId,LCCN Id,owl:Thing,xsd:string,http://dbpedia.org/ontology/lccnId,832
leader,leader,owl:Thing,Person,http://dbpedia.org/ontology/leader,12914
league,league,owl:Thing,SportsLeague,http://dbpedia.org/ontology/league,53550
length,length,owl:Thing,Length,http://dbpedia.org/ontology/length,101430
licensee,licensee,owl:Thing,xsd:string,http://dbpedia.org/ontology/licensee,8649
lieutenant,lieutenant,owl:Thing,Person,http://dbpedia.org/ontology/lieutenant,1597
localAuthority,local authority,owl:Thing,owl:Thing,http://dbpedia.org/ontology/localAuthority,526
locatedInArea,located in area,Place,Place,http://dbpedia.org/ontology/locatedInArea,28646
location,location,owl:Thing,Place,http://dbpedia.org/ontology/location,313652
locationCountry,pa≈Ñstwo,owl:Thing,Country,http://dbpedia.org/ontology/locationCountry,10674
logo,logo,owl:Thing,xsd:string,http://dbpedia.org/ontology/logo,1842
lowestPlace,lowest place,Place,PopulatedPlace,http://dbpedia.org/ontology/lowestPlace,38
mainInterest,main interest,owl:Thing,owl:Thing,http://dbpedia.org/ontology/mainInterest,1978
management,management,owl:Thing,owl:Thing,http://dbpedia.org/ontology/management,205
manufactory,manufactory,owl:Thing,Factory,http://dbpedia.org/ontology/manufactory,86
manufacturer,manufacturer,owl:Thing,Organisation,http://dbpedia.org/ontology/manufacturer,38671
map,map,Place,owl:Thing,http://dbpedia.org/ontology/map,122
mapCaption,map caption,Place,xsd:string,http://dbpedia.org/ontology/mapCaption,51
mascot,mascot,owl:Thing,xsd:string,http://dbpedia.org/ontology/mascot,15208
mass,mass,owl:Thing,Mass,http://dbpedia.org/ontology/mass,274
material,material,owl:Thing,owl:Thing,http://dbpedia.org/ontology/material,384
maximumDepth,maximum depth,Place,Length,http://dbpedia.org/ontology/maximumDepth,5251
maximumElevation,maximum elevation,Place,Length,http://dbpedia.org/ontology/maximumElevation,40355
mayor,mayor,owl:Thing,Mayor,http://dbpedia.org/ontology/mayor,417
mbaId,MBA Id,owl:Thing,xsd:string,http://dbpedia.org/ontology/mbaId,65
meaning,meaning,owl:Thing,xsd:string,http://dbpedia.org/ontology/meaning,3549
medlinePlus,MedlinePlus,owl:Thing,xsd:string,http://dbpedia.org/ontology/medlinePlus,2794
militaryUnitSize,military unit size,owl:Thing,xsd:string,http://dbpedia.org/ontology/militaryUnitSize,9339
minimumElevation,minimum elevation,Place,Length,http://dbpedia.org/ontology/minimumElevation,39499
minister,minister,owl:Thing,Politician,http://dbpedia.org/ontology/minister,1749
mission,mission,owl:Thing,SpaceMission,http://dbpedia.org/ontology/mission,564
monarch,monarch,owl:Thing,Person,http://dbpedia.org/ontology/monarch,735
month,month,owl:Thing,xsd:string,http://dbpedia.org/ontology/month,88
motto,motto,owl:Thing,xsd:string,http://dbpedia.org/ontology/motto,43839
mouthElevation,mouth elevation,owl:Thing,Length,http://dbpedia.org/ontology/mouthElevation,10370
municipality,municipality,owl:Thing,PopulatedPlace,http://dbpedia.org/ontology/municipality,784
municipalityCode,municipality code,Place,xsd:string,http://dbpedia.org/ontology/municipalityCode,2782
name,name,owl:Thing,rdf:langString,http://dbpedia.org/ontology/name,1453
namedAfter,named after,owl:Thing,owl:Thing,http://dbpedia.org/ontology/namedAfter,3426
nationalTopographicSystemMapNumber,National Topographic System map number,Place,xsd:string,http://dbpedia.org/ontology/nationalTopographicSystemMapNumber,7367
ndlId,NDL id,owl:Thing,xsd:string,http://dbpedia.org/ontology/ndlId,26
nearestCity,nearest city,Place,PopulatedPlace,http://dbpedia.org/ontology/nearestCity,18022
newspaper,newspaper,owl:Thing,PeriodicalLiterature,http://dbpedia.org/ontology/newspaper,1
nlaId,NLA Id,owl:Thing,xsd:string,http://dbpedia.org/ontology/nlaId,18
nominee,nominee,owl:Thing,Person,http://dbpedia.org/ontology/nominee,18
notableWork,notable work,owl:Thing,Work,http://dbpedia.org/ontology/notableWork,5954
notes,notes,owl:Thing,xsd:string,http://dbpedia.org/ontology/notes,516
number,number,owl:Thing,xsd:nonNegativeInteger,http://dbpedia.org/ontology/number,89441
numberOfVisitors,number of visitors,owl:Thing,xsd:nonNegativeInteger,http://dbpedia.org/ontology/numberOfVisitors,2039
occupation,occupation,owl:Thing,PersonFunction,http://dbpedia.org/ontology/occupation,293862
office,(political) office,owl:Thing,xsd:string,http://dbpedia.org/ontology/office,220717
openingDate,opening date,owl:Thing,xsd:date,http://dbpedia.org/ontology/openingDate,37980
openingYear,opening year,owl:Thing,xsd:gYear,http://dbpedia.org/ontology/openingYear,53121
operator,operator,owl:Thing,owl:Thing,http://dbpedia.org/ontology/operator,22766
orbits,orbits,owl:Thing,xsd:integer,http://dbpedia.org/ontology/orbits,1
orcidId,ORCID Id,owl:Thing,xsd:string,http://dbpedia.org/ontology/orcidId,89
orderInOffice,order in office,owl:Thing,xsd:string,http://dbpedia.org/ontology/orderInOffice,8425
organisation,organisation,owl:Thing,Organisation,http://dbpedia.org/ontology/organisation,501
origin,origin,owl:Thing,PopulatedPlace,http://dbpedia.org/ontology/origin,10790
originalName,original name,owl:Thing,rdf:langString,http://dbpedia.org/ontology/originalName,143654
originallyUsedFor,originally used for,owl:Thing,xsd:string,http://dbpedia.org/ontology/originallyUsedFor,61
owner,owner,owl:Thing,Agent,http://dbpedia.org/ontology/owner,75264
owningCompany,owning company,owl:Thing,Company,http://dbpedia.org/ontology/owningCompany,12936
owningOrganisation,owning organisation,owl:Thing,Organisation,http://dbpedia.org/ontology/owningOrganisation,19563
parentCompany,parent company,owl:Thing,Company,http://dbpedia.org/ontology/parentCompany,15298
part,part,owl:Thing,owl:Thing,http://dbpedia.org/ontology/part,4018
partialFailedLaunches,partial failed launches,owl:Thing,xsd:nonNegativeInteger,http://dbpedia.org/ontology/partialFailedLaunches,92
party,party,owl:Thing,PoliticalParty,http://dbpedia.org/ontology/party,128760
patronSaint,patron saint,owl:Thing,Person,http://dbpedia.org/ontology/patronSaint,406
percentageOfAreaWater,percentage of area water,owl:Thing,xsd:float,http://dbpedia.org/ontology/percentageOfAreaWater,10392
picture,picture,owl:Thing,owl:Thing,http://dbpedia.org/ontology/picture,4219
place,Relates an entity to the populated place in which it is located.,owl:Thing,PopulatedPlace,http://dbpedia.org/ontology/place,16679
politicalLeader,political leader,Place,PersonFunction,http://dbpedia.org/ontology/politicalLeader,67019
populationTotal,population total,owl:Thing,xsd:nonNegativeInteger,http://dbpedia.org/ontology/populationTotal,317577
portfolio,portfolio,owl:Thing,xsd:string,http://dbpedia.org/ontology/portfolio,278
position,position,owl:Thing,owl:Thing,http://dbpedia.org/ontology/position,307787
postalCode,postal code,owl:Thing,xsd:string,http://dbpedia.org/ontology/postalCode,216510
predecessor,predecessor,owl:Thing,owl:Thing,http://dbpedia.org/ontology/predecessor,215981
president,president,owl:Thing,Person,http://dbpedia.org/ontology/president,30535
primeMinister,prime minister,owl:Thing,Person,http://dbpedia.org/ontology/primeMinister,28726
productionEndDate,production end date,owl:Thing,xsd:date,http://dbpedia.org/ontology/productionEndDate,22
productionEndYear,production end year,owl:Thing,xsd:gYear,http://dbpedia.org/ontology/productionEndYear,10212
productionStartDate,production start date,owl:Thing,xsd:date,http://dbpedia.org/ontology/productionStartDate,33
productionStartYear,production start year,owl:Thing,xsd:gYear,http://dbpedia.org/ontology/productionStartYear,13055
prominence,prominence,owl:Thing,Length,http://dbpedia.org/ontology/prominence,9185
pronunciation,pronunciation,owl:Thing,xsd:string,http://dbpedia.org/ontology/pronunciation,71
province,province,Place,Province,http://dbpedia.org/ontology/province,14478
publicationDate,publication date,owl:Thing,xsd:date,http://dbpedia.org/ontology/publicationDate,5066
purpose,purpose,owl:Thing,xsd:string,http://dbpedia.org/ontology/purpose,9504
quote,quote,Place,xsd:string,http://dbpedia.org/ontology/quote,735
race,race,owl:Thing,Race,http://dbpedia.org/ontology/race,5844
raceHorse,race horse,owl:Thing,Horse,http://dbpedia.org/ontology/raceHorse,945
rating,rating,owl:Thing,xsd:float,http://dbpedia.org/ontology/rating,260
rebuildDate,rebuild date,owl:Thing,xsd:date,http://dbpedia.org/ontology/rebuildDate,7
recordLabel,record label,owl:Thing,RecordLabel,http://dbpedia.org/ontology/recordLabel,107946
region,region,owl:Thing,Place,http://dbpedia.org/ontology/region,21787
registry,registry,owl:Thing,xsd:string,http://dbpedia.org/ontology/registry,355
related,related,owl:Thing,owl:Thing,http://dbpedia.org/ontology/related,9839
releaseDate,release date,owl:Thing,xsd:date,http://dbpedia.org/ontology/releaseDate,135968
religion,religion,owl:Thing,owl:Thing,http://dbpedia.org/ontology/religion,22301
religiousHead,religious head,owl:Thing,Person,http://dbpedia.org/ontology/religiousHead,52
restoreDate,restore date,owl:Thing,xsd:date,http://dbpedia.org/ontology/restoreDate,40
restriction,restriction,owl:Thing,xsd:string,http://dbpedia.org/ontology/restriction,337
retired,retired,owl:Thing,xsd:date,http://dbpedia.org/ontology/retired,238
ridId,RID Id,owl:Thing,xsd:string,http://dbpedia.org/ontology/ridId,2
river,river,Place,River,http://dbpedia.org/ontology/river,2371
role,role,owl:Thing,xsd:string,http://dbpedia.org/ontology/role,10792
runningMate,running mate,owl:Thing,Person,http://dbpedia.org/ontology/runningMate,9
sales,sales,owl:Thing,Sales,http://dbpedia.org/ontology/sales,206
secondLeader,secondLeader,owl:Thing,Person,http://dbpedia.org/ontology/secondLeader,4501
secondPopularVote,secondPopularVote,owl:Thing,Person,http://dbpedia.org/ontology/secondPopularVote,57
selibrId,SELIBR Id,owl:Thing,xsd:string,http://dbpedia.org/ontology/selibrId,5
seniority,seniority,owl:Thing,xsd:string,http://dbpedia.org/ontology/seniority,1629
series,series,owl:Thing,owl:Thing,http://dbpedia.org/ontology/series,21198
show,show,owl:Thing,TelevisionShow,http://dbpedia.org/ontology/show,2
similar,similar,owl:Thing,owl:Thing,http://dbpedia.org/ontology/similar,605
slogan,slogan,owl:Thing,rdf:langString,http://dbpedia.org/ontology/slogan,16779
soundRecording,sound recording,owl:Thing,Sound,http://dbpedia.org/ontology/soundRecording,9999
sourceElevation,source elevation,owl:Thing,Length,http://dbpedia.org/ontology/sourceElevation,1
sourceMountain,source mountain,owl:Thing,Mountain,http://dbpedia.org/ontology/sourceMountain,2
sourcePlace,source place,owl:Thing,PopulatedPlace,http://dbpedia.org/ontology/sourcePlace,2
sourcePosition,source position,owl:Thing,geo:SpatialThing,http://dbpedia.org/ontology/sourcePosition,1
speaker,speaker,owl:Thing,xsd:integer,http://dbpedia.org/ontology/speaker,37
specialist,specialist,owl:Thing,PersonFunction,http://dbpedia.org/ontology/specialist,292
specialization,specialization,owl:Thing,owl:Thing,http://dbpedia.org/ontology/specialization,22
sport,sport,owl:Thing,Sport,http://dbpedia.org/ontology/sport,3934
sportGoverningBody,sport governing body,owl:Thing,owl:Thing,http://dbpedia.org/ontology/sportGoverningBody,257
stadium,Stadium,owl:Thing,Stadium,http://dbpedia.org/ontology/stadium,3178
startYear,start year,owl:Thing,xsd:gYear,http://dbpedia.org/ontology/startYear,31
state,state,owl:Thing,PopulatedPlace,http://dbpedia.org/ontology/state,44776
status,status,owl:Thing,xsd:string,http://dbpedia.org/ontology/status,56133
subdivision,subdivision,owl:Thing,owl:Thing,http://dbpedia.org/ontology/subdivision,435018
subdivisions,subdivisions,owl:Thing,xsd:nonNegativeInteger,http://dbpedia.org/ontology/subdivisions,2
subregion,subregion,Place,Place,http://dbpedia.org/ontology/subregion,132
subtitle,subtitle,owl:Thing,xsd:string,http://dbpedia.org/ontology/subtitle,443
successfulLaunches,successful launches,owl:Thing,xsd:nonNegativeInteger,http://dbpedia.org/ontology/successfulLaunches,271
successor,successor,owl:Thing,owl:Thing,http://dbpedia.org/ontology/successor,212248
sudocId,SUDOC id,owl:Thing,xsd:string,http://dbpedia.org/ontology/sudocId,151
synonym,synonym,owl:Thing,xsd:string,http://dbpedia.org/ontology/synonym,62611
taoiseach,taoiseach,owl:Thing,Person,http://dbpedia.org/ontology/taoiseach,862
team,team,owl:Thing,SportsTeam,http://dbpedia.org/ontology/team,1921540
teamSize,team size,owl:Thing,xsd:nonNegativeInteger,http://dbpedia.org/ontology/teamSize,99
televisionSeries,television series,owl:Thing,TelevisionShow,http://dbpedia.org/ontology/televisionSeries,2141
temperature,temperature,owl:Thing,Temperature,http://dbpedia.org/ontology/temperature,329
tennisSurfaceType,type of tennis surface,owl:Thing,xsd:string,http://dbpedia.org/ontology/tennisSurfaceType,6992
termPeriod,term period,owl:Thing,TimePeriod,http://dbpedia.org/ontology/termPeriod,159154
thumbnail,thumbnail,owl:Thing,Image,http://dbpedia.org/ontology/thumbnail,1695460
time,time,owl:Thing,xsd:string,http://dbpedia.org/ontology/time,18917
timeInSpace,total time person has spent in space,owl:Thing,Time,http://dbpedia.org/ontology/timeInSpace,122
timeZone,time zone,Place,owl:Thing,http://dbpedia.org/ontology/timeZone,295806
title,title,owl:Thing,rdf:langString,http://dbpedia.org/ontology/title,336273
topSpeed,top speed,owl:Thing,Speed,http://dbpedia.org/ontology/topSpeed,22233
totalLaunches,total launches,owl:Thing,xsd:nonNegativeInteger,http://dbpedia.org/ontology/totalLaunches,374
type,type,owl:Thing,owl:Thing,http://dbpedia.org/ontology/type,445639
ulanId,ULAN id,owl:Thing,xsd:string,http://dbpedia.org/ontology/ulanId,10
university,university,owl:Thing,EducationalInstitution,http://dbpedia.org/ontology/university,3919
utcOffset,UTC offset,Place,xsd:string,http://dbpedia.org/ontology/utcOffset,329619
variantOf,variant or variation,owl:Thing,owl:Thing,http://dbpedia.org/ontology/variantOf,4688
vehicle,vehicle,owl:Thing,Automobile,http://dbpedia.org/ontology/vehicle,39
viceChancellor,vice chancellor,owl:Thing,Person,http://dbpedia.org/ontology/viceChancellor,486
vicePresident,vice president,owl:Thing,Person,http://dbpedia.org/ontology/vicePresident,1389
vicePrimeMinister,vice prime minister,owl:Thing,Person,http://dbpedia.org/ontology/vicePrimeMinister,28
victim,victim (resource),owl:Thing,owl:Thing,http://dbpedia.org/ontology/victim,91
victims,victims (string),owl:Thing,xsd:string,http://dbpedia.org/ontology/victims,123
voice,voice,owl:Thing,Person,http://dbpedia.org/ontology/voice,3896
volume,volume,owl:Thing,Volume,http://dbpedia.org/ontology/volume,4233
webcast,webcast,owl:Thing,owl:Thing,http://dbpedia.org/ontology/webcast,8699
websiteLabel,label of a website,owl:Thing,rdf:langString,http://dbpedia.org/ontology/websiteLabel,13
weight,weight,owl:Thing,Mass,http://dbpedia.org/ontology/weight,107366
width,width,owl:Thing,Length,http://dbpedia.org/ontology/width,19674
wikiPageDisambiguates,Wikipage disambiguates,owl:Thing,owl:Thing,http://dbpedia.org/ontology/wikiPageDisambiguates,327109
wikiPageExternalLink,Link from a Wikipage to an external page,owl:Thing,owl:Thing,http://dbpedia.org/ontology/wikiPageExternalLink,2819399
wikiPageInterLanguageLink,Link from a Wikipage to a Wikipage in a different language about the same or a related subject.,owl:Thing,owl:Thing,http://dbpedia.org/ontology/wikiPageInterLanguageLink,36026
wikiPageLength,page length (characters) of wiki page,owl:Thing,xsd:nonNegativeInteger,http://dbpedia.org/ontology/wikiPageLength,16065936
wikiPageRedirects,Wikipage redirect,owl:Thing,owl:Thing,http://dbpedia.org/ontology/wikiPageRedirects,9831591
wins,wins,owl:Thing,xsd:nonNegativeInteger,http://dbpedia.org/ontology/wins,2156
year,year,owl:Thing,xsd:gYear,http://dbpedia.org/ontology/year,26467
yearOfConstruction,year of construction,Place,xsd:gYear,http://dbpedia.org/ontology/yearOfConstruction,58119
